{
  "version": 1,
  "author": "Samim Konjicija",
  "editor": "wokwi",
  "parts": [
    {
      "type": "wokwi-pi-pico",
      "id": "pico",
      "top": 0,
      "left": -6.89,
      "attrs": { "env": "micropython-20220117-v1.18" }
    },
    {
      "type": "wokwi-pushbutton",
      "id": "btn1",
      "top": -141.58,
      "left": -117.62,
      "attrs": { "color": "green", "key": "1" }
    },
    {
      "type": "wokwi-pushbutton",
      "id": "btn2",
      "top": -97.67,
      "left": -117.63,
      "attrs": { "color": "green", "key": "2" }
    },
    {
      "type": "wokwi-pushbutton",
      "id": "btn3",
      "top": -52.88,
      "left": -117.62,
      "attrs": { "color": "green", "key": "3" }
    },
    {
      "type": "wokwi-led",
      "id": "led1",
      "top": -50.67,
      "left": -256.6,
      "attrs": { "color": "red" }
    },
    {
      "type": "wokwi-resistor",
      "id": "r1",
      "top": 21.67,
      "left": -213.83,
      "attrs": { "value": "1000" }
    },
    {
      "type": "wokwi-resistor",
      "id": "r2",
      "top": -18.13,
      "left": -213.07,
      "attrs": { "value": "1000" }
    },
    { "type": "wokwi-led", "id": "led2", "top": -12, "left": -256.6, "attrs": { "color": "red" } },
    {
      "type": "wokwi-led",
      "id": "led3",
      "top": 26.67,
      "left": -257.27,
      "attrs": { "color": "red" }
    },
    { "type": "wokwi-led", "id": "led4", "top": 64, "left": -256.6, "attrs": { "color": "red" } },
    {
      "type": "wokwi-led",
      "id": "led5",
      "top": 100,
      "left": -255.93,
      "attrs": { "color": "red" }
    },
    {
      "type": "wokwi-led",
      "id": "led6",
      "top": 135.33,
      "left": -255.27,
      "attrs": { "color": "red" }
    },
    {
      "type": "wokwi-led",
      "id": "led7",
      "top": 170.67,
      "left": -254.6,
      "attrs": { "color": "red" }
    },
    { "type": "wokwi-led", "id": "led8", "top": 208, "left": -254.6, "attrs": { "color": "red" } },
    {
      "type": "wokwi-resistor",
      "id": "r3",
      "top": 62.15,
      "left": -214.59,
      "attrs": { "value": "1000" }
    },
    {
      "type": "wokwi-resistor",
      "id": "r4",
      "top": 98.15,
      "left": -216.12,
      "attrs": { "value": "1000" }
    },
    {
      "type": "wokwi-resistor",
      "id": "r5",
      "top": 134.14,
      "left": -217.65,
      "attrs": { "value": "1000" }
    },
    {
      "type": "wokwi-resistor",
      "id": "r6",
      "top": 170.13,
      "left": -217.65,
      "attrs": { "value": "1000" }
    },
    {
      "type": "wokwi-resistor",
      "id": "r7",
      "top": 206.13,
      "left": -216.89,
      "attrs": { "value": "1000" }
    },
    {
      "type": "wokwi-resistor",
      "id": "r8",
      "top": 242.88,
      "left": -218.42,
      "attrs": { "value": "1000" }
    },
    { "type": "wokwi-gnd", "id": "gnd1", "top": 254.77, "left": -283.34, "attrs": {} },
    { "type": "wokwi-rgb-led", "id": "rgb1", "top": 165.35, "left": -152.99, "attrs": {"common":"cathode"} },
    { "type": "wokwi-gnd", "id": "gnd2", "top": 254.77, "left": -145.49, "attrs": {} },
    {
      "type": "wokwi-resistor",
      "id": "r12",
      "top": -52.72,
      "left": -13.18,
      "attrs": { "value": "1000" }
    },
    {
      "type": "wokwi-resistor",
      "id": "r13",
      "top": -32.81,
      "left": -13.95,
      "attrs": { "value": "1000" }
    },
    {
      "type": "wokwi-resistor",
      "id": "r14",
      "top": -76.46,
      "left": -13.18,
      "attrs": { "value": "1000" }
    },
    {
      "type": "wokwi-resistor",
      "id": "r15",
      "top": -99.44,
      "left": -13.95,
      "attrs": { "value": "1000" }
    },
    { "type": "wokwi-gnd", "id": "gnd3", "top": -59.22, "left": 52.85, "attrs": {} },
    { "type": "wokwi-vcc", "id": "vcc1", "top": -207.78, "left": -151.79, "attrs": {} },
    { "type": "wokwi-vcc", "id": "vcc2", "top": -130.44, "left": 128.49, "attrs": {} },
    { "type": "wokwi-gnd", "id": "gnd4", "top": 36.51, "left": 137.09, "attrs": {} },
    {
      "type": "wokwi-pushbutton",
      "id": "btn4",
      "top": -9.36,
      "left": -118.94,
      "attrs": { "color": "green" }
    },
    {
      "type": "wokwi-resistor",
      "id": "r9",
      "top": 154.79,
      "left": -103.28,
      "attrs": { "value": "100" }
    },
    {
      "type": "wokwi-resistor",
      "id": "r10",
      "top": 172.2,
      "left": -104.01,
      "attrs": { "value": "100" }
    },
    {
      "type": "wokwi-resistor",
      "id": "r11",
      "top": 191.06,
      "left": -104.01,
      "attrs": { "value": "100" }
    }
  ],
  "connections": [
    [ "led1:A", "r2:1", "green", [ "v0" ] ],
    [ "led2:A", "r1:1", "green", [ "v0" ] ],
    [ "led3:A", "r3:1", "green", [ "v0" ] ],
    [ "led4:A", "r4:1", "green", [ "v0" ] ],
    [ "led5:A", "r5:1", "green", [ "v0" ] ],
    [ "led6:A", "r6:1", "green", [ "v0" ] ],
    [ "led7:A", "r7:1", "green", [ "v0" ] ],
    [ "led8:A", "r8:1", "green", [ "v0" ] ],
    [ "pico:GP4", "r2:2", "green", [ "h0" ] ],
    [ "pico:GP5", "r1:2", "green", [ "h0" ] ],
    [ "pico:GP6", "r3:2", "green", [ "h0" ] ],
    [ "pico:GP7", "r4:2", "green", [ "h0" ] ],
    [ "pico:GP8", "r5:2", "green", [ "h0" ] ],
    [ "pico:GP9", "r6:2", "green", [ "h0" ] ],
    [ "pico:GP10", "r7:2", "green", [ "h0" ] ],
    [ "pico:GP11", "r8:2", "green", [ "h0" ] ],
    [ "led8:C", "gnd1:GND", "green", [ "v0" ] ],
    [ "gnd1:GND", "led7:C", "black", [ "v0" ] ],
    [ "gnd1:GND", "led6:C", "black", [ "v0" ] ],
    [ "gnd1:GND", "led5:C", "black", [ "v0" ] ],
    [ "gnd1:GND", "led4:C", "black", [ "v0" ] ],
    [ "gnd1:GND", "led3:C", "black", [ "v0" ] ],
    [ "gnd1:GND", "led2:C", "black", [ "v0" ] ],
    [ "gnd1:GND", "led1:C", "black", [ "v0" ] ],
    [ "gnd2:GND", "rgb1:COM", "black", [ "v0" ] ],
    [ "r13:1", "pico:GP3", "green", [ "v0" ] ],
    [ "r12:1", "pico:GP2", "green", [ "v0" ] ],
    [ "r14:1", "pico:GP1", "green", [ "v0" ] ],
    [ "r15:1", "pico:GP0", "green", [ "v0" ] ],
    [ "r15:2", "gnd3:GND", "green", [ "v0" ] ],
    [ "r15:2", "r14:2", "green", [ "v0" ] ],
    [ "r14:2", "r12:2", "green", [ "v0" ] ],
    [ "r12:2", "r13:2", "green", [ "v0" ] ],
    [ "btn1:1.l", "vcc1:VCC", "green", [ "h0" ] ],
    [ "pico:VSYS", "vcc2:VCC", "green", [ "h0" ] ],
    [ "pico:GND.8", "gnd4:GND", "black", [ "h0" ] ],
    [ "vcc1:VCC", "btn2:1.l", "green", [ "v0" ] ],
    [ "vcc1:VCC", "btn3:1.l", "green", [ "v0" ] ],
    [ "vcc1:VCC", "btn4:1.l", "green", [ "v0" ] ],
    [ "btn1:2.r", "r15:1", "green", [ "h0" ] ],
    [ "btn2:2.r", "r14:1", "green", [ "h0" ] ],
    [ "btn3:2.r", "r12:1", "green", [ "h0" ] ],
    [ "btn4:2.r", "r13:1", "green", [ "h0" ] ],
    [ "r9:2", "pico:GP12", "green", [ "v0" ] ],
    [ "r10:2", "pico:GP13", "green", [ "v0" ] ],
    [ "r11:2", "pico:GP14", "green", [ "v0" ] ],
    [ "rgb1:G", "r9:1", "green", [ "v0" ] ],
    [ "rgb1:B", "r10:1", "green", [ "v0" ] ],
    [ "rgb1:R", "r11:1", "green", [ "v0" ] ]
  ]
}